Sound_N,Sound_W,question
two.wav,books.wav,boots.png
four.wav,books.wav,boots.png
three.wav,books.wav,boots.png
eight.wav,books.wav,boots.png
ten.wav,books.wav,boots.png
two.wav,dogs.wav,boots.png
four.wav,dogs.wav,boots.png
three.wav,dogs.wav,boots.png
eight.wav,dogs.wav,boots.png
ten.wav,dogs.wav,boots.png
two.wav,chairs.wav,boots.png
four.wav,chairs.wav,boots.png
three.wav,chairs.wav,boots.png
eight.wav,chairs.wav,boots.png
ten.wav,chairs.wav,boots.png
two.wav,books.wav,byke.png
four.wav,books.wav,byke.png
three.wav,books.wav,byke.png
eight.wav,books.wav,byke.png
ten.wav,books.wav,byke.png
two.wav,dogs.wav,byke.png
four.wav,dogs.wav,byke.png
three.wav,dogs.wav,byke.png
eight.wav,dogs.wav,byke.png
ten.wav,dogs.wav,byke.png
two.wav,chairs.wav,byke.png
four.wav,chairs.wav,byke.png
three.wav,chairs.wav,byke.png
eight.wav,chairs.wav,byke.png
ten.wav,chairs.wav,byke.png
two.wav,books.wav,castle.png
four.wav,books.wav,castle.png
three.wav,books.wav,castle.png
eight.wav,books.wav,castle.png
ten.wav,books.wav,castle.png
two.wav,dogs.wav,castle.png
four.wav,dogs.wav,castle.png
three.wav,dogs.wav,castle.png
eight.wav,dogs.wav,castle.png
ten.wav,dogs.wav,castle.png
two.wav,chairs.wav,castle.png
four.wav,chairs.wav,castle.png
three.wav,chairs.wav,castle.png
eight.wav,chairs.wav,castle.png
ten.wav,chairs.wav,castle.png
two.wav,books.wav,house.png
four.wav,books.wav,house.png
three.wav,books.wav,house.png
eight.wav,books.wav,house.png
ten.wav,books.wav,house.png
two.wav,dogs.wav,house.png
four.wav,dogs.wav,house.png
three.wav,dogs.wav,house.png
eight.wav,dogs.wav,house.png
ten.wav,dogs.wav,house.png
two.wav,chairs.wav,house.png
four.wav,chairs.wav,house.png
three.wav,chairs.wav,house.png
eight.wav,chairs.wav,house.png
ten.wav,chairs.wav,house.png
two.wav,books.wav,hammock.png
four.wav,books.wav,hammock.png
three.wav,books.wav,hammock.png
eight.wav,books.wav,hammock.png
ten.wav,books.wav,hammock.png
two.wav,dogs.wav,hammock.png
four.wav,dogs.wav,hammock.png
three.wav,dogs.wav,hammock.png
eight.wav,dogs.wav,hammock.png
ten.wav,dogs.wav,hammock.png
two.wav,chairs.wav,hammock.png
four.wav,chairs.wav,hammock.png
three.wav,chairs.wav,hammock.png
eight.wav,chairs.wav,hammock.png
ten.wav,chairs.wav,hammock.png
two.wav,books.wav,hands.png
four.wav,books.wav,hands.png
three.wav,books.wav,hands.png
eight.wav,books.wav,hands.png
ten.wav,books.wav,hands.png
two.wav,dogs.wav,hands.png
four.wav,dogs.wav,hands.png
three.wav,dogs.wav,hands.png
eight.wav,dogs.wav,hands.png
ten.wav,dogs.wav,hands.png
two.wav,chairs.wav,hands.png
four.wav,chairs.wav,hands.png
three.wav,chairs.wav,hands.png
eight.wav,chairs.wav,hands.png
ten.wav,chairs.wav,hands.png
two.wav,books.wav,mug.png
four.wav,books.wav,mug.png
three.wav,books.wav,mug.png
eight.wav,books.wav,mug.png
ten.wav,books.wav,mug.png
two.wav,dogs.wav,mug.png
four.wav,dogs.wav,mug.png
three.wav,dogs.wav,mug.png
eight.wav,dogs.wav,mug.png
ten.wav,dogs.wav,mug.png
two.wav,chairs.wav,mug.png
four.wav,chairs.wav,mug.png
three.wav,chairs.wav,mug.png
eight.wav,chairs.wav,mug.png
ten.wav,chairs.wav,mug.png
two.wav,books.wav,pirate.png
four.wav,books.wav,pirate.png
three.wav,books.wav,pirate.png
eight.wav,books.wav,pirate.png
ten.wav,books.wav,pirate.png
two.wav,dogs.wav,pirate.png
four.wav,dogs.wav,pirate.png
three.wav,dogs.wav,pirate.png
eight.wav,dogs.wav,pirate.png
ten.wav,dogs.wav,pirate.png
two.wav,chairs.wav,pirate.png
four.wav,chairs.wav,pirate.png
three.wav,chairs.wav,pirate.png
eight.wav,chairs.wav,pirate.png
ten.wav,chairs.wav,pirate.png
two.wav,books.wav,pot.png
four.wav,books.wav,pot.png
three.wav,books.wav,pot.png
eight.wav,books.wav,pot.png
ten.wav,books.wav,pot.png
two.wav,dogs.wav,pot.png
four.wav,dogs.wav,pot.png
three.wav,dogs.wav,pot.png
eight.wav,dogs.wav,pot.png
ten.wav,dogs.wav,pot.png
two.wav,chairs.wav,pot.png
four.wav,chairs.wav,pot.png
three.wav,chairs.wav,pot.png
eight.wav,chairs.wav,pot.png
ten.wav,chairs.wav,pot.png
two.wav,books.wav,rocket.png
four.wav,books.wav,rocket.png
three.wav,books.wav,rocket.png
eight.wav,books.wav,rocket.png
ten.wav,books.wav,rocket.png
two.wav,dogs.wav,rocket.png
four.wav,dogs.wav,rocket.png
three.wav,dogs.wav,rocket.png
eight.wav,dogs.wav,rocket.png
ten.wav,dogs.wav,rocket.png
two.wav,chairs.wav,rocket.png
four.wav,chairs.wav,rocket.png
three.wav,chairs.wav,rocket.png
eight.wav,chairs.wav,rocket.png
ten.wav,chairs.wav,rocket.png
two.wav,books.wav,tower.png
four.wav,books.wav,tower.png
three.wav,books.wav,tower.png
eight.wav,books.wav,tower.png
ten.wav,books.wav,tower.png
two.wav,dogs.wav,tower.png
four.wav,dogs.wav,tower.png
three.wav,dogs.wav,tower.png
eight.wav,dogs.wav,tower.png
ten.wav,dogs.wav,tower.png
two.wav,chairs.wav,tower.png
four.wav,chairs.wav,tower.png
three.wav,chairs.wav,tower.png
eight.wav,chairs.wav,tower.png
ten.wav,chairs.wav,tower.png
